<?xml version="1.0" encoding="utf-8"?>
<layer-list
  xmlns:android="http://schemas.android.com/apk/res/android">
    <item android:top="2.0dip">
        <shape android:shape="rectangle">
            <solid android:color="#ff8c8c8c" />
            <corners android:radius="2.0dip" />
        </shape>
    </item>
    <item android:bottom="2.0dip">
        <shape android:shape="rectangle">
            <solid android:color="#ff88bb5c" />
            <corners android:radius="2.0dip" />
        </shape>
    </item>
</layer-list>